Composition Code,P (GPa),sigP (GPa),T (K),sigT (K),rho (g/cm^3),sigrho (g/cm^3),nu  (Pa/s),signu (Pa/s),Va (A^3/atom),Vm (cm^3/mol),sigVm (cm^3/mol),#Mg,#Si,#O,#H,H2O (mol %),MgO (mol %),SiO2 (mol %),apfu,Source
En,0.86932,0.05007,2992.65054,0.54924,2.583951853,6.65E-12,0.00228,5.15E-04,12.90296911,38.85084,1.00E-10,32,32,96,0,0.00,50.00,50.00,5.00,This Study
Bru,2.58205,0.04378,1770.15935,0.43226,9.027728837,2.25E-11,4.95E-04,1.46E-04,8.871702449,40.06904411,1.00E-10,32,0,64,64,50.00,50.00,0.00,7.50,This Study
Bru,4.21473,0.040587,1770.75839,0.33714,8.617377526,2.25E-11,5.89E-04,9.95E-05,8.468443247,38.24772392,1.00E-10,32,0,64,64,50.00,50.00,0.00,7.50,This Study
En,5.01188,0.0742,2992.23498,0.49803,2.871057614,8.21E-12,0.00376,0.00103,11.6126722,34.965756,1.00E-10,32,32,96,0,0.00,50.00,50.00,5.00,This Study
Bru,5.63992,0.03868,2955.01199,0.61924,2.145486919,5.35E-12,3.16E-04,9.97E-05,8.871702449,40.06904411,1.00E-10,32,0,64,64,50.00,50.00,0.00,7.50,This Study
Bru,6.38076,0.03875,1771.30261,0.54935,8.207026215,2.25E-11,7.83E-04,4.91E-04,8.065184044,36.42640374,1.00E-10,32,0,64,64,50.00,50.00,0.00,7.50,This Study
Bru,7.61456,0.040518,2954.55582,0.35132,2.247652963,5.88E-12,3.71E-04,1.72E-04,8.468443247,38.24772392,1.00E-10,32,0,64,64,50.00,50.00,0.00,7.50,This Study
Bru,9.18422,0.042403,1770.92706,0.51261,7.796674904,2.25E-11,0.00157,4.91E-04,7.661924842,34.60508355,1.00E-10,32,0,64,64,50.00,50.00,0.00,7.50,This Study
Bru,10.21402,0.050092,2955.3913,0.65861,2.360035611,6.48E-12,4.88E-04,1.34E-04,8.065184044,36.42640374,1.00E-10,32,0,64,64,50.00,50.00,0.00,7.50,This Study
En,11.95951,0.07347,2991.87019,0.33507,3.229939816,1.04E-11,0.00367,0.00185,10.32237529,31.080672,1.00E-10,32,32,96,0,0.00,50.00,50.00,5.00,This Study
Bru,12.84263,0.033454,1771.44922,0.37206,7.386323594,2.25E-11,0.0016,9.06E-04,7.25866564,32.78376336,1.00E-10,32,0,64,64,50.00,50.00,0.00,7.50,This Study
Bru,13.51691,0.039424,2955.21134,0.42394,2.484248012,1.00E-10,5.26E-04,1.93E-04,7.661924842,34.60508355,1.00E-10,32,0,64,64,50.00,50.00,0.00,7.50,This Study
Bru,17.72374,0.050675,2955.43953,0.3401,2.62226179,1.00E-10,7.02E-04,1.98E-04,7.25866564,32.78376336,1.00E-10,32,0,64,64,50.00,50.00,0.00,7.50,This Study
Bru,17.88633,0.051277,1771.42203,0.3025,6.975972283,1.00E-10,0.00244,7.39E-04,6.855406438,30.96244318,1.00E-10,32,0,64,64,50.00,50.00,0.00,7.50,This Study
Bru,20.8918,0.053363,1771.6697,0.28529,6.770796627,1.00E-10,0.00417,0.00126,6.653776837,30.05178308,1.00E-10,32,0,64,64,50.00,50.00,0.00,7.50,This Study
Bru,23.32065,0.050913,2955.54264,0.35704,2.776512484,1.00E-10,0.0011,4.28E-04,6.855406438,30.96244318,1.00E-10,32,0,64,64,50.00,50.00,0.00,7.50,This Study
Bru,24.38293,0.063099,1771.92894,0.40508,6.565620972,1.00E-10,0.00447,0.00116,6.452147236,29.14112299,1.00E-10,32,0,64,64,50.00,50.00,0.00,7.50,This Study
En,24.69447,0.1028,2991.08706,0.53289,3.69135979,1.00E-10,0.00724,0.00464,9.032078379,27.195588,1.00E-10,32,32,96,0,0.00,50.00,50.00,5.00,This Study
Bru,26.5547,0.045911,2955.41709,0.48672,2.860649225,1.00E-10,0.00126,3.53E-04,6.653776837,30.05178308,1.00E-10,32,0,64,64,50.00,50.00,0.00,7.50,This Study
Bru,30.55156,0.057857,2955.78832,0.29247,2.950044514,1.00E-10,0.00144,5.33E-04,6.452147236,29.14112299,1.00E-10,32,0,64,64,50.00,50.00,0.00,7.50,This Study
En,1.9448947,0.0610558,3000,0.319056,2.581660913,1.00E-10,NaN,NaN,12.91458631,38.88581939,1.00E-10,NaN,NaN,NaN,NaN,0.00,50.00,50.00,5.00,Stixrude & Karki (2005)
En,5.024311,0.0610558,3000,0.319056,2.867466438,1.00E-10,NaN,NaN,11.62736632,35.01,1.00E-10,NaN,NaN,NaN,NaN,0.00,50.00,50.00,5.00,Stixrude & Karki (2005)
En,12.80389,0.0610558,3000,0.319056,3.226389751,1.00E-10,NaN,NaN,10.33386704,31.11527365,1.00E-10,NaN,NaN,NaN,NaN,0.00,50.00,50.00,5.00,Stixrude & Karki (2005)
En,24.797407,0.0610558,3000,0.319056,3.688022834,1.00E-10,NaN,NaN,9.040367752,27.2205473,1.00E-10,NaN,NaN,NaN,NaN,0.00,50.00,50.00,5.00,Stixrude & Karki (2005)
En,54.7812,0.0610558,3000,0.319056,4.300328841,1.00E-10,NaN,NaN,7.753147243,23.34472635,1.00E-10,NaN,NaN,NaN,NaN,0.00,50.00,50.00,5.00,Stixrude & Karki (2005)
En,125.28363,0.0610558,3000,0.319056,5.161439589,1.00E-10,NaN,NaN,6.459647957,19.45,1.00E-10,NaN,NaN,NaN,NaN,0.00,50.00,50.00,5.00,Stixrude & Karki (2005)
En,3.4035656,0.0610558,4000,0.319056,2.581660913,1.00E-10,NaN,NaN,12.91458631,38.88581939,1.00E-10,NaN,NaN,NaN,NaN,0.00,50.00,50.00,5.00,Stixrude & Karki (2005)
En,8.103727,0.0610558,4000,0.319056,2.869015834,1.00E-10,NaN,NaN,11.62108703,34.99109304,1.00E-10,NaN,NaN,NaN,NaN,0.00,50.00,50.00,5.00,Stixrude & Karki (2005)
En,16.207455,0.0610558,4000,0.319056,3.226389751,1.00E-10,NaN,NaN,10.33386704,31.11527365,1.00E-10,NaN,NaN,NaN,NaN,0.00,50.00,50.00,5.00,Stixrude & Karki (2005)
En,31.604538,0.0610558,4000,0.319056,3.685463181,1.00E-10,NaN,NaN,9.046646529,27.2394527,1.00E-10,NaN,NaN,NaN,NaN,0.00,50.00,50.00,5.00,Stixrude & Karki (2005)
En,61.102108,0.0610558,4000,0.319056,4.300328841,1.00E-10,NaN,NaN,7.753147243,23.34472635,1.00E-10,NaN,NaN,NaN,NaN,0.00,50.00,50.00,5.00,Stixrude & Karki (2005)
En,135.17018,0.0610558,4000,0.319056,5.156427541,1.00E-10,NaN,NaN,6.465926735,19.4689054,1.00E-10,NaN,NaN,NaN,NaN,0.00,50.00,50.00,5.00,Stixrude & Karki (2005)
En,7.617504,0.0610558,6000,0.319056,2.581660913,1.00E-10,NaN,NaN,12.91458631,38.88581939,1.00E-10,NaN,NaN,NaN,NaN,0.00,50.00,50.00,5.00,Stixrude & Karki (2005)
En,12.965964,0.0610558,6000,0.319056,2.867466438,1.00E-10,NaN,NaN,11.62736632,35.01,1.00E-10,NaN,NaN,NaN,NaN,0.00,50.00,50.00,5.00,Stixrude & Karki (2005)
En,23.824959,0.0610558,6000,0.319056,3.226389751,1.00E-10,NaN,NaN,10.33386704,31.11527365,1.00E-10,NaN,NaN,NaN,NaN,0.00,50.00,50.00,5.00,Stixrude & Karki (2005)
En,41.004864,0.0610558,6000,0.319056,3.688022834,1.00E-10,NaN,NaN,9.040367752,27.2205473,1.00E-10,NaN,NaN,NaN,NaN,0.00,50.00,50.00,5.00,Stixrude & Karki (2005)
En,76.33711,0.0610558,6000,0.319056,4.300328841,1.00E-10,NaN,NaN,7.753147243,23.34472635,1.00E-10,NaN,NaN,NaN,NaN,0.00,50.00,50.00,5.00,Stixrude & Karki (2005)
En,155.10535,0.0610558,6000,0.319056,5.161439589,1.00E-10,NaN,NaN,6.459647957,19.45,1.00E-10,NaN,NaN,NaN,NaN,0.00,50.00,50.00,5.00,Stixrude & Karki (2005)
EnH50,0.44575,0.034837,1779.30093,0.39732,39.17601942,1.00E-10,0.00569,0.0028,10.84247189,39.17601942,1.00E-10,20,20,80,40,33.33,33.33,33.33,6.00,This Study
EnH60,0.92756,0.03445,1775.1742,0.494,39.04350982,1.00E-10,8.91E-04,5.84E-04,10.23707192,39.04350982,1.00E-10,16,16,72,48,42.86,28.57,28.57,6.33,This Study
EnH25,1.045,0.072878,1788.04245,0.43646,2.567465402,1.00E-10,0.00981,0.00646,11.43262786,37.17753389,1.00E-10,27,27,90,18,14.29,42.86,42.86,5.40,This Study
EnH25,1.12216,0.045164,2981.71832,0.4898,2.432335644,1.00E-10,0.00145,7.26E-04,12.06777385,39.24295244,1.00E-10,27,27,90,18,14.29,42.86,42.86,5.40,This Study
EnH50,1.79377,0.039975,1780.02742,0.57745,37.21721845,1.00E-10,0.00649,0.00168,10.30034829,37.21721845,1.00E-10,20,20,80,40,33.33,33.33,33.33,6.00,This Study
EnH50,2.04117,0.043956,2968.2802,0.53751,2.247472594,1.00E-10,5.81E-04,9.89E-05,10.84247189,39.17601942,1.00E-10,20,20,80,40,33.33,33.33,33.33,6.00,This Study
EnH60,2.34624,0.04785,1775.80213,0.53744,36.87442594,1.00E-10,0.00202,6.23E-04,9.6683457,36.87442594,1.00E-10,16,16,72,48,42.86,28.57,28.57,6.33,This Study
EnH60,2.7378,0.0406,2962.13712,0.54191,2.149733474,1.00E-10,4.99E-04,1.94E-04,10.23707192,39.04350982,1.00E-10,16,16,72,48,42.86,28.57,28.57,6.33,This Study
EnH25,2.98628,0.057011,2981.83934,0.64269,2.567465402,1.00E-10,0.00162,7.24E-04,11.43262786,37.17753389,1.00E-10,27,27,90,18,14.29,42.86,42.86,5.40,This Study
EnH25,3.22079,0.066735,1788.91123,0.98235,2.718492779,1.00E-10,0.01296,0.01,10.79748187,35.11211534,1.00E-10,27,27,90,18,14.29,42.86,42.86,5.40,This Study
EnH50,3.65636,0.045282,2968.71452,0.58778,2.365760626,1.00E-10,0.00102,1.94E-04,10.30034829,37.21721845,1.00E-10,20,20,80,40,33.33,33.33,33.33,6.00,This Study
EnH50,3.65823,0.042574,1780.21554,0.65013,35.25841748,1.00E-10,0.00519,0.0023,9.758224698,35.25841748,1.00E-10,20,20,80,40,33.33,33.33,33.33,6.00,This Study
EnH60,4.36866,0.05746,1775.9203,0.87678,34.70534206,1.00E-10,0.00234,3.64E-04,9.099619482,34.70534206,1.00E-10,16,16,72,48,42.86,28.57,28.57,6.33,This Study
EnH60,4.42634,0.03317,2962.06481,0.44901,2.276188384,1.00E-10,6.43E-04,1.43E-04,9.6683457,36.87442594,1.00E-10,16,16,72,48,42.86,28.57,28.57,6.33,This Study
EnH25,5.24664,0.054469,2981.82913,0.19394,2.718492779,1.00E-10,0.0019,2.16E-04,10.79748187,35.11211534,1.00E-10,27,27,90,18,14.29,42.86,42.86,5.40,This Study
EnH50,5.72448,0.045007,2968.3431,0.32171,2.497191771,1.00E-10,9.45E-04,2.12E-04,9.758224698,35.25841748,1.00E-10,20,20,80,40,33.33,33.33,33.33,6.00,This Study
EnH25,5.75903,0.07761,1788.52888,0.42655,2.888398577,1.00E-10,0.01135,0.0032,10.16233588,33.04669679,1.00E-10,27,27,90,18,14.29,42.86,42.86,5.40,This Study
EnH50,5.87647,0.086311,1780.11513,0.59436,33.29961651,1.00E-10,0.00751,0.00302,9.216101103,33.29961651,1.00E-10,20,20,80,40,33.33,33.33,33.33,6.00,This Study
EnH60,6.72006,0.05693,2962.344,0.48234,2.418450158,1.00E-10,6.39E-04,1.67E-04,9.099619482,34.70534206,1.00E-10,16,16,72,48,42.86,28.57,28.57,6.33,This Study
EnH60,7.05902,0.08171,1776.34177,0.28,32.53625819,1.00E-10,0.00355,0.0024,8.530893265,32.53625819,1.00E-10,16,16,72,48,42.86,28.57,28.57,6.33,This Study
EnH25,8.40303,0.079663,2982.18798,0.61524,2.888398577,1.00E-10,0.00156,3.92E-04,10.16233588,33.04669679,1.00E-10,27,27,90,18,14.29,42.86,42.86,5.40,This Study
EnH50,8.50012,0.055007,2969.26865,0.67132,2.644085405,1.00E-10,0.00141,3.52E-04,9.216101103,33.29961651,1.00E-10,20,20,80,40,33.33,33.33,33.33,6.00,This Study
EnH50,8.78455,0.096122,1780.29549,0.23752,31.34081554,1.00E-10,0.00859,0.00525,8.673977509,31.34081554,1.00E-10,20,20,80,40,33.33,33.33,33.33,6.00,This Study
EnH25,9.44819,0.13275,1788.59787,0.13026,3.080958483,1.00E-10,0.01613,0.01288,9.527189884,30.98127824,1.00E-10,27,27,90,18,14.29,42.86,42.86,5.40,This Study
EnH60,9.97363,0.05903,2962.78904,0.45453,2.579680169,1.00E-10,6.74E-04,2.77E-04,8.530893265,32.53625819,1.00E-10,16,16,72,48,42.86,28.57,28.57,6.33,This Study
EnH60,10.7157,0.09966,1775.12585,0.3639,30.36717431,1.00E-10,0.00496,0.00133,7.962167047,30.36717431,1.00E-10,16,16,72,48,42.86,28.57,28.57,6.33,This Study
EnH50,12.10405,0.056666,2969.53507,0.20398,2.809340743,1.00E-10,0.00144,3.36E-04,8.673977509,31.34081554,1.00E-10,20,20,80,40,33.33,33.33,33.33,6.00,This Study
EnH50,12.50671,0.067751,1780.50418,0.42148,29.38201456,1.00E-10,0.00928,0.00612,8.131853915,29.38201456,1.00E-10,20,20,80,40,33.33,33.33,33.33,6.00,This Study
EnH25,12.51977,0.086702,2981.80363,0.2697,3.080958483,1.00E-10,0.00204,7.00E-04,9.527189884,30.98127824,1.00E-10,27,27,90,18,14.29,42.86,42.86,5.40,This Study
EnH25,13.50164,0.128329,1788.82829,0.25461,3.301026946,1.00E-10,0.03546,0.01813,8.892043892,28.91585969,1.00E-10,27,27,90,18,14.29,42.86,42.86,5.40,This Study
EnH60,14.30389,0.06291,2962.80268,0.66644,2.763943038,1.00E-10,0.00102,2.09E-04,7.962167047,30.36717431,1.00E-10,16,16,72,48,42.86,28.57,28.57,6.33,This Study
EnH60,15.38519,0.11771,1776.60855,0.50549,28.19809043,1.00E-10,0.00692,0.0018,7.393440829,28.19809043,1.00E-10,16,16,72,48,42.86,28.57,28.57,6.33,This Study
EnH50,16.76469,0.069437,2969.18658,0.14127,2.996630126,1.00E-10,0.00147,3.98E-04,8.131853915,29.38201456,1.00E-10,20,20,80,40,33.33,33.33,33.33,6.00,This Study
EnH50,17.35494,0.102528,1780.79142,0.34422,27.42321359,1.00E-10,0.01831,0.00924,7.58973032,27.42321359,1.00E-10,20,20,80,40,33.33,33.33,33.33,6.00,This Study
EnH25,18.29621,0.083416,2981.7977,0.55234,3.301026946,1.00E-10,0.00276,7.31E-04,8.892043892,28.91585969,1.00E-10,27,27,90,18,14.29,42.86,42.86,5.40,This Study
EnH60,20.54701,0.07201,2963.13957,0.20138,2.976554041,1.00E-10,0.00142,6.61E-04,7.393440829,28.19809043,1.00E-10,16,16,72,48,42.86,28.57,28.57,6.33,This Study
EnH25,20.5942,0.102416,1788.58223,0.30731,3.554952095,1.00E-10,0.06094,0.02414,8.2568979,26.85044114,1.00E-10,27,27,90,18,14.29,42.86,42.86,5.40,This Study
EnH60,21.9071,0.16005,1777.38967,0.26613,26.02900655,1.00E-10,0.0166,0.00915,6.824714612,26.02900655,1.00E-10,16,16,72,48,42.86,28.57,28.57,6.33,This Study
EnH50,23.42594,0.078962,2969.27857,0.50441,3.210675135,1.00E-10,0.00287,9.18E-04,7.58973032,27.42321359,1.00E-10,20,20,80,40,33.33,33.33,33.33,6.00,This Study
EnH50,25.07162,0.086678,1780.82071,0.36597,25.46441262,1.00E-10,0.03575,0.01092,7.047606726,25.46441262,1.00E-10,20,20,80,40,33.33,33.33,33.33,6.00,This Study
EnH25,25.95165,0.1250813,2981.53263,0.54592,3.554952095,1.00E-10,0.00355,0.00106,8.2568979,26.85044114,1.00E-10,27,27,90,18,14.29,42.86,42.86,5.40,This Study
EnH60,29.32472,0.10674,2963.25516,0.44248,3.224600211,1.00E-10,0.0022,7.62E-04,6.824714612,26.02900655,1.00E-10,16,16,72,48,42.86,28.57,28.57,6.33,This Study
EnH50,32.61645,0.117458,2969.23886,0.43931,3.457650145,1.00E-10,0.00365,9.19E-04,7.047606726,25.46441262,1.00E-10,20,20,80,40,33.33,33.33,33.33,6.00,This Study
Fo,160.62529,6.11E-02,3000,3.19E-01,5.374076903,1.00E-10,NaN,NaN,6.210561275,19.635,1.00E-10,NaN,NaN,NaN,NaN,0.00,66.67,33.33,5.25,de Koker et al. (2008)
Fo,167.88405,6.11E-02,4000,3.19E-01,5.374076903,1.00E-10,NaN,NaN,6.210561275,19.635,1.00E-10,NaN,NaN,NaN,NaN,0.00,66.67,33.33,5.25,de Koker et al. (2008)
Fo,187.88405,6.11E-02,6000,3.19E-01,5.374076903,1.00E-10,NaN,NaN,6.210561275,19.635,1.00E-10,NaN,NaN,NaN,NaN,0.00,66.67,33.33,5.25,de Koker et al. (2008)
Fo,73.79966,6.11E-02,3000,3.19E-01,4.47839742,1.00E-10,NaN,NaN,7.45267353,23.562,1.00E-10,NaN,NaN,NaN,NaN,0.00,66.67,33.33,5.25,de Koker et al. (2008)
Fo,80.2744,6.11E-02,4000,3.19E-01,4.47839742,1.00E-10,NaN,NaN,7.45267353,23.562,1.00E-10,NaN,NaN,NaN,NaN,0.00,66.67,33.33,5.25,de Koker et al. (2008)
Fo,99.50517,6.11E-02,6000,3.19E-01,4.47839742,1.00E-10,NaN,NaN,7.45267353,23.562,1.00E-10,NaN,NaN,NaN,NaN,0.00,66.67,33.33,5.25,de Koker et al. (2008)
Fo,34.23105,6.11E-02,3000,3.19E-01,3.83862636,1.00E-10,NaN,NaN,8.694785785,27.489,1.00E-10,NaN,NaN,NaN,NaN,0.00,66.67,33.33,5.25,de Koker et al. (2008)
Fo,41.70265,6.11E-02,4000,3.19E-01,3.83862636,1.00E-10,NaN,NaN,8.694785785,27.489,1.00E-10,NaN,NaN,NaN,NaN,0.00,66.67,33.33,5.25,de Koker et al. (2008)
Fo,55.356495,6.11E-02,6000,3.19E-01,3.83862636,1.00E-10,NaN,NaN,8.694785785,27.489,1.00E-10,NaN,NaN,NaN,NaN,0.00,66.67,33.33,5.25,de Koker et al. (2008)
Fo,16.540796,6.11E-02,3000,3.19E-01,3.358798065,1.00E-10,NaN,NaN,9.936898041,31.416,1.00E-10,NaN,NaN,NaN,NaN,0.00,66.67,33.33,5.25,de Koker et al. (2008)
Fo,21.977617,6.11E-02,4000,3.19E-01,3.358798065,1.00E-10,NaN,NaN,9.936898041,31.416,1.00E-10,NaN,NaN,NaN,NaN,0.00,66.67,33.33,5.25,de Koker et al. (2008)
Fo,31.977617,6.11E-02,6000,3.19E-01,3.358798065,1.00E-10,NaN,NaN,9.936898041,31.416,1.00E-10,NaN,NaN,NaN,NaN,0.00,66.67,33.33,5.25,de Koker et al. (2008)
Fo,16.99229,0.083863,2992.48325,0.49385,3.358518964,1.00E-10,0.00709,0.00312,9.937707339,31.41855864,1.00E-10,46,23,92,0,0.00,66.67,33.33,5.25,This Study
Fo,11.83864,0.060525,2992.71637,0.3808,3.160767955,1.00E-10,0.00453,0.0026,10.55945233,33.38423652,1.00E-10,46,23,92,0,0.00,66.67,33.33,5.25,This Study
Fo,8.258238,6.11E-02,3000,3.19E-01,2.98559828,1.00E-10,NaN,NaN,11.1790103,35.343,1.00E-10,NaN,NaN,NaN,NaN,0.00,66.67,33.33,5.25,de Koker et al. (2008)
Fo,10.905866,6.11E-02,4000,3.19E-01,2.98559828,1.00E-10,NaN,NaN,11.1790103,35.343,1.00E-10,NaN,NaN,NaN,NaN,0.00,66.67,33.33,5.25,de Koker et al. (2008)
Fo,19.36797,6.11E-02,6000,3.19E-01,2.98559828,1.00E-10,NaN,NaN,11.1790103,35.343,1.00E-10,NaN,NaN,NaN,NaN,0.00,66.67,33.33,5.25,de Koker et al. (2008)
Fo,7.83179,0.05319,2992.8469,0.10446,2.984857099,1.00E-10,0.00446,0.00162,11.18176765,35.35171752,1.00E-10,46,23,92,0,0.00,66.67,33.33,5.25,This Study
Fo,4.68312,0.05267,2993.31006,0.17592,2.827916987,1.00E-10,0.00346,0.00113,11.80231906,37.31362182,1.00E-10,46,23,92,0,0.00,66.67,33.33,5.25,This Study
Fo,3.695002,6.11E-02,3000,3.19E-01,2.687038452,1.00E-10,NaN,NaN,12.42112255,39.27,1.00E-10,NaN,NaN,NaN,NaN,0.00,66.67,33.33,5.25,de Koker et al. (2008)
Fo,5.4116025,6.11E-02,4000,3.19E-01,2.687038452,1.00E-10,NaN,NaN,12.42112255,39.27,1.00E-10,NaN,NaN,NaN,NaN,0.00,66.67,33.33,5.25,de Koker et al. (2008)
Fo,12.33468,6.11E-02,6000,3.19E-01,2.687038452,1.00E-10,NaN,NaN,12.42112255,39.27,1.00E-10,NaN,NaN,NaN,NaN,0.00,66.67,33.33,5.25,de Koker et al. (2008)
Fo,2.45957,0.055031,2993.23811,0.44025,2.686517107,1.00E-10,0.00138,3.25E-04,12.42351239,39.27755558,1.00E-10,46,23,92,0,0.00,66.67,33.33,5.25,This Study
Fo,0.6632516,6.11E-02,3000,3.19E-01,2.442762229,1.00E-10,NaN,NaN,13.66323481,43.197,1.00E-10,NaN,NaN,NaN,NaN,0.00,66.67,33.33,5.25,de Koker et al. (2008)
Fo,2.801389,6.11E-02,4000,3.19E-01,2.442762229,1.00E-10,NaN,NaN,13.66323481,43.197,1.00E-10,NaN,NaN,NaN,NaN,0.00,66.67,33.33,5.25,de Koker et al. (2008)
Fo,8.18657,6.11E-02,6000,3.19E-01,2.442762229,1.00E-10,NaN,NaN,13.66323481,43.197,1.00E-10,NaN,NaN,NaN,NaN,0.00,66.67,33.33,5.25,de Koker et al. (2008)
Fo,-0.289811,6.11E-02,3000,3.19E-01,2.23919871,1.00E-10,NaN,NaN,14.90534706,47.124,1.00E-10,NaN,NaN,NaN,NaN,0.00,66.67,33.33,5.25,de Koker et al. (2008)
Fo,0.7686646,6.11E-02,4000,3.19E-01,2.23919871,1.00E-10,NaN,NaN,14.90534706,47.124,1.00E-10,NaN,NaN,NaN,NaN,0.00,66.67,33.33,5.25,de Koker et al. (2008)
Fo,5.19231,6.11E-02,6000,3.19E-01,2.23919871,1.00E-10,NaN,NaN,14.90534706,47.124,1.00E-10,NaN,NaN,NaN,NaN,0.00,66.67,33.33,5.25,de Koker et al. (2008)
MSH70,0.27554,0.03435,1771.77166,0.80733,41.37012042,1.00E-10,5.21E-04,4.56E-04,10.16162456,41.37012042,1.00E-10,17,12,71,60,50.85,28.81,20.34,6.76,This Study
MSH40,0.86932,0.05007,1784.24407,0.35956,38.77025966,1.00E-10,0.00352,0.00135,11.13764752,38.77025966,1.00E-10,28,20,82,28,22.58,45.16,32.26,5.78,This Study
MSH60,0.88905,0.037,1776.1111,0.47704,39.3402264,1.00E-10,0.00106,2.33E-04,10.27162104,39.3402264,1.00E-10,21,15,75,48,40.00,35.00,25.00,6.36,This Study
MS,1.01882,0.06122,2992.84256,0.39628,2.584682966,1.00E-10,0.00214,3.13E-04,12.90322449,39.3874932,1.00E-10,33,27,87,0,0.00,55.00,45.00,5.07,This Study
MSH60,1.26868,0.03718,2962.8429,0.72635,2.063047965,1.00E-10,0.0022,7.62E-04,10.91359735,41.79899055,1.00E-10,21,15,75,48,40.00,35.00,25.00,6.36,This Study
MSH70,1.59714,0.02798,1771.76189,0.63496,38.78448789,1.00E-10,8.28E-04,4.24E-04,9.526523027,38.78448789,1.00E-10,17,12,71,60,50.85,28.81,20.34,6.76,This Study
MSH70,1.95238,0.038949,2955.13244,0.46369,1.957328766,1.00E-10,2.97E-04,3.01E-05,10.16162456,41.37012042,1.00E-10,17,12,71,60,50.85,28.81,20.34,6.76,This Study
MSH40,2.00172,0.05301,1784.88818,0.22294,36.92405682,1.00E-10,0.00775,0.00416,10.60728335,36.92405682,1.00E-10,28,20,82,28,22.58,45.16,32.26,5.78,This Study
FoH50,2.35877,0.05243,1783.1537,0.41619,37.29836644,1.00E-10,0.00521,0.002,10.32280705,37.29836644,1.00E-10,32,16,80,32,25.00,50.00,25.00,6.00,This Study
MSH40,2.52424,0.04094,2975.88957,0.491,2.423575016,1.00E-10,8.18E-04,1.32E-04,11.13764752,38.77025966,1.00E-10,28,20,82,28,22.58,45.16,32.26,5.78,This Study
MSH60,2.62845,0.04189,1777.07006,0.40019,36.88146225,1.00E-10,0.00193,0.00134,9.629644723,36.88146225,1.00E-10,21,15,75,48,40.00,35.00,25.00,6.36,This Study
MS,2.64682,0.0568,2992.73543,0.18238,2.720718912,1.00E-10,0.00206,7.89E-04,12.25806327,37.41811854,1.00E-10,33,27,87,0,0.00,55.00,45.00,5.07,This Study
MSH60,2.78494,0.03564,2963.20292,0.5149,2.191988463,1.00E-10,4.75E-04,1.36E-04,10.27162104,39.3402264,1.00E-10,21,15,75,48,40.00,35.00,25.00,6.36,This Study
MSH70,3.61713,0.037622,2956.19712,0.52446,2.087817351,1.00E-10,3.62E-04,6.66E-05,9.526523027,38.78448789,1.00E-10,17,12,71,60,50.85,28.81,20.34,6.76,This Study
MSH70,3.67845,0.0444,1772.34868,0.49356,36.19885536,1.00E-10,0.00102,1.95E-04,8.891421492,36.19885536,1.00E-10,17,12,71,60,50.85,28.81,20.34,6.76,This Study
MSH40,4.06087,0.04646,1785.40372,0.57765,35.07785398,1.00E-10,0.00373,0.00213,10.07691918,35.07785398,1.00E-10,28,20,82,28,22.58,45.16,32.26,5.78,This Study
MSH40,4.30188,0.04797,2975.76818,0.48704,2.544753767,1.00E-10,0.00104,3.43E-04,10.60728335,36.92405682,1.00E-10,28,20,82,28,22.58,45.16,32.26,5.78,This Study
FoH50,4.48449,0.04324,1783.4159,0.41975,35.33529452,1.00E-10,0.0036,0.00292,9.779501416,35.33529452,1.00E-10,32,16,80,32,25.00,50.00,25.00,6.00,This Study
MSH60,4.87069,0.0382,2963.74459,0.52236,2.338121027,1.00E-10,5.92E-04,3.14E-04,9.629644723,36.88146225,1.00E-10,21,15,75,48,40.00,35.00,25.00,6.36,This Study
FoH50,4.93877,0.04765,2973.95893,0.6997,2.536847402,1.00E-10,9.46E-04,4.01E-04,10.32280705,37.29836644,1.00E-10,32,16,80,32,25.00,50.00,25.00,6.00,This Study
MS,5.2413,0.06103,2992.62926,0.48643,2.871869963,1.00E-10,0.0021,5.60E-04,11.61290204,35.44874388,1.00E-10,33,27,87,0,0.00,55.00,45.00,5.07,This Study
MSH60,5.26308,0.0708,1777.19554,0.53116,34.4226981,1.00E-10,0.00303,0.00232,8.987668408,34.4226981,1.00E-10,21,15,75,48,40.00,35.00,25.00,6.36,This Study
MSH70,6.00114,0.044626,2955.97015,0.44673,2.236947162,1.00E-10,3.99E-04,9.18E-05,8.891421492,36.19885536,1.00E-10,17,12,71,60,50.85,28.81,20.34,6.76,This Study
MSH70,6.46355,0.04284,1772.50792,0.23432,33.61322284,1.00E-10,0.00138,4.44E-04,8.256319957,33.61322284,1.00E-10,17,12,71,60,50.85,28.81,20.34,6.76,This Study
MSH40,6.5001,0.07724,1785.06988,0.23691,33.23165114,1.00E-10,0.00926,0.00601,9.546555014,33.23165114,1.00E-10,28,20,82,28,22.58,45.16,32.26,5.78,This Study
MSH40,6.65345,0.05313,2975.93089,0.50666,2.678688175,1.00E-10,0.0011,2.72E-04,10.07691918,35.07785398,1.00E-10,28,20,82,28,22.58,45.16,32.26,5.78,This Study
FoH50,7.51248,0.07973,1783.72689,0.48389,33.3722226,1.00E-10,0.00815,0.00466,9.236195782,33.3722226,1.00E-10,32,16,80,32,25.00,50.00,25.00,6.00,This Study
FoH50,7.5211,0.05431,2973.80632,0.40803,2.677783369,1.00E-10,0.00113,4.44E-04,9.779501416,35.33529452,1.00E-10,32,16,80,32,25.00,50.00,25.00,6.00,This Study
MSH60,7.81328,0.04801,2963.67886,0.44389,2.505129672,1.00E-10,6.73E-04,1.32E-04,8.987668408,34.4226981,1.00E-10,21,15,75,48,40.00,35.00,25.00,6.36,This Study
MS,8.16767,0.07908,2992.31093,0.23873,3.04080349,1.00E-10,0.00244,4.01E-04,10.96774082,33.47936922,1.00E-10,33,27,87,0,0.00,55.00,45.00,5.07,This Study
MSH60,8.65241,0.0893,1777.47606,0.40514,31.96393395,1.00E-10,0.00315,0.00101,8.345692093,31.96393395,1.00E-10,21,15,75,48,40.00,35.00,25.00,6.36,This Study
MSH70,9.36157,0.045973,2957.25285,0.55247,2.40902002,1.00E-10,4.99E-04,1.11E-04,8.256319957,33.61322284,1.00E-10,17,12,71,60,50.85,28.81,20.34,6.76,This Study
MSH40,9.66006,0.05282,2975.89198,0.68616,2.827504185,1.00E-10,0.00167,2.84E-04,9.546555014,33.23165114,1.00E-10,28,20,82,28,22.58,45.16,32.26,5.78,This Study
MSH40,9.91661,0.1048,1784.95831,0.25033,31.3854483,1.00E-10,0.00748,0.00601,9.016190847,31.3854483,1.00E-10,28,20,82,28,22.58,45.16,32.26,5.78,This Study
MSH70,10.68495,0.05796,1773.37107,0.32971,31.02759031,1.00E-10,0.00251,9.80E-04,7.621218422,31.02759031,1.00E-10,17,12,71,60,50.85,28.81,20.34,6.76,This Study
FoH50,11.02371,0.071,2974.30083,0.58807,2.835300038,1.00E-10,0.00162,1.93E-04,9.236195782,33.3722226,1.00E-10,32,16,80,32,25.00,50.00,25.00,6.00,This Study
FoH50,11.4699,0.07221,1783.68537,0.43038,31.40915068,1.00E-10,0.00903,0.00742,8.692890148,31.40915068,1.00E-10,32,16,80,32,25.00,50.00,25.00,6.00,This Study
MSH60,12.1732,0.059,2964.78265,0.51475,2.697831954,1.00E-10,9.15E-04,2.24E-04,8.345692093,31.96393395,1.00E-10,21,15,75,48,40.00,35.00,25.00,6.36,This Study
MS,12.56588,0.08628,2991.98196,0.31184,3.230853708,1.00E-10,0.00319,0.00149,10.32257959,31.50999456,1.00E-10,33,27,87,0,0.00,55.00,45.00,5.07,This Study
MSH40,13.60616,0.06914,2975.67145,0.54262,2.993827961,1.00E-10,0.00173,9.37E-04,9.016190847,31.3854483,1.00E-10,28,20,82,28,22.58,45.16,32.26,5.78,This Study
MSH60,13.9772,0.06924,1777.54131,0.24447,29.5051698,1.00E-10,0.00391,0.0016,7.703715778,29.5051698,1.00E-10,21,15,75,48,40.00,35.00,25.00,6.36,This Study
MSH70,14.11054,0.045712,2957.27957,0.30465,2.609771689,1.00E-10,7.87E-04,4.67E-04,7.621218422,31.02759031,1.00E-10,17,12,71,60,50.85,28.81,20.34,6.76,This Study
MSH40,14.23496,0.10613,1784.86952,0.33784,29.53924546,1.00E-10,0.01003,0.00802,8.485826679,29.53924546,1.00E-10,28,20,82,28,22.58,45.16,32.26,5.78,This Study
FoH50,15.68531,0.06894,2974.35877,0.50416,3.01250629,1.00E-10,0.00108,3.94E-04,8.692890148,31.40915068,1.00E-10,32,16,80,32,25.00,50.00,25.00,6.00,This Study
FoH50,16.48605,0.14712,1783.57218,0.16543,29.44607876,1.00E-10,0.01603,0.00496,8.149584514,29.44607876,1.00E-10,32,16,80,32,25.00,50.00,25.00,6.00,This Study
MSH70,16.52575,0.08567,1773.21652,0.24997,28.44195779,1.00E-10,0.0022,4.64E-04,6.986116887,28.44195779,1.00E-10,17,12,71,60,50.85,28.81,20.34,6.76,This Study
MS,18.05874,0.15006,2991.47681,0.26307,3.446243955,1.00E-10,0.00386,0.00168,9.677418367,29.5406199,1.00E-10,33,27,87,0,0.00,55.00,45.00,5.07,This Study
MSH60,18.24675,0.08225,2964.76904,0.18927,2.922651284,1.00E-10,0.00114,6.36E-04,7.703715778,29.5051698,1.00E-10,21,15,75,48,40.00,35.00,25.00,6.36,This Study
MSH40,18.73564,0.09137,2975.98528,0.41126,3.180942208,1.00E-10,0.00215,6.72E-04,8.485826679,29.53924546,1.00E-10,28,20,82,28,22.58,45.16,32.26,5.78,This Study
MSH40,20.01192,0.14967,1785.02696,0.14149,27.69304262,1.00E-10,0.03041,0.02661,7.955462512,27.69304262,1.00E-10,28,20,82,28,22.58,45.16,32.26,5.78,This Study
MSH60,20.76043,0.12569,1777.90545,0.47961,27.04640565,1.00E-10,0.00935,0.00295,7.061739463,27.04640565,1.00E-10,21,15,75,48,40.00,35.00,25.00,6.36,This Study
MSH70,21.13026,0.070226,2957.57474,0.43805,2.84702366,1.00E-10,8.55E-04,1.26E-04,6.986116887,28.44195779,1.00E-10,17,12,71,60,50.85,28.81,20.34,6.76,This Study
FoH50,21.70696,0.08361,2973.95137,0.54515,3.213340043,1.00E-10,0.00184,9.50E-04,8.149584514,29.44607876,1.00E-10,32,16,80,32,25.00,50.00,25.00,6.00,This Study
FoH50,23.38396,0.21371,1783.52243,0.16959,27.48300685,1.00E-10,0.02183,0.01521,7.606278879,27.48300685,1.00E-10,32,16,80,32,25.00,50.00,25.00,6.00,This Study
MSH70,24.93817,0.11285,1774.07145,0.18928,25.85632526,1.00E-10,0.00683,0.00501,6.351015351,25.85632526,1.00E-10,17,12,71,60,50.85,28.81,20.34,6.76,This Study
MS,25.18321,0.15982,2991.34128,0.3603,3.692404238,1.00E-10,0.00576,0.00265,9.032257143,27.57124524,1.00E-10,33,27,87,0,0.00,55.00,45.00,5.07,This Study
MSH40,25.35467,0.10493,2975.83804,0.37965,3.393005022,1.00E-10,0.00289,8.01E-04,7.955462512,27.69304262,1.00E-10,28,20,82,28,22.58,45.16,32.26,5.78,This Study
MSH60,27.20023,0.07551,2964.09403,0.4582,3.188346855,1.00E-10,0.00184,8.60E-04,7.061739463,27.04640565,1.00E-10,21,15,75,48,40.00,35.00,25.00,6.36,This Study
FoH50,29.86971,0.11214,2973.72618,0.26087,3.442864332,1.00E-10,0.00344,0.00155,7.606278879,27.48300685,1.00E-10,32,16,80,32,25.00,50.00,25.00,6.00,This Study
MSH70,31.8833,0.072291,2957.92586,0.44717,3.131726026,1.00E-10,0.00152,3.29E-04,8.178369869,25.85632526,1.00E-10,17,12,71,60,50.85,28.81,20.34,5.25,This Study
MSH60,31.97746,0.15209,1778.26565,0.27278,24.5876415,1.00E-10,0.01585,0.01007,6.419763149,24.5876415,1.00E-10,21,15,75,48,40.00,35.00,25.00,6.36,This Study
H2O,5,1.00E-10,523.15,1.00E-10,1.491721854,0.001234869,N/A,N/A,4.026666667,12.08,0.01,0,0,256,512,100,0,0,3,Zhang & Duan (2005)
H2O,1.5,1.00E-10,773.15,1.00E-10,1.100794136,0.002689784,N/A,N/A,5.456666667,16.37,0.04,0,0,256,512,100,0,0,3,Zhang & Duan (2005)
H2O,2,1.00E-10,773.15,1.00E-10,1.171651495,0.002285406,N/A,N/A,5.126666667,15.38,0.03,0,0,256,512,100,0,0,3,Zhang & Duan (2005)
H2O,2.5,1.00E-10,773.15,1.00E-10,1.224184783,0.003326589,N/A,N/A,4.906666667,14.72,0.04,0,0,256,512,100,0,0,3,Zhang & Duan (2005)
H2O,3,1.00E-10,773.15,1.00E-10,1.274398868,0.002703817,N/A,N/A,4.713333333,14.14,0.03,0,0,256,512,100,0,0,3,Zhang & Duan (2005)
H2O,3.5,1.00E-10,773.15,1.00E-10,1.314369074,0.002876081,N/A,N/A,4.57,13.71,0.03,0,0,256,512,100,0,0,3,Zhang & Duan (2005)
H2O,4,1.00E-10,773.15,1.00E-10,1.351837959,0.002028264,N/A,N/A,4.443333333,13.33,0.02,0,0,256,512,100,0,0,3,Zhang & Duan (2005)
H2O,4.5,1.00E-10,773.15,1.00E-10,1.384024578,0.002125998,N/A,N/A,4.34,13.02,0.02,0,0,256,512,100,0,0,3,Zhang & Duan (2005)
H2O,5,1.00E-10,773.15,1.00E-10,1.41555381,0.001111983,N/A,N/A,4.243333333,12.73,0.01,0,0,256,512,100,0,0,3,Zhang & Duan (2005)
H2O,5.5,1.00E-10,773.15,1.00E-10,1.4416,0.00230656,N/A,N/A,4.166666667,12.5,0.02,0,0,256,512,100,0,0,3,Zhang & Duan (2005)
H2O,6,1.00E-10,773.15,1.00E-10,1.468622657,0.002393843,N/A,N/A,4.09,12.27,0.02,0,0,256,512,100,0,0,3,Zhang & Duan (2005)
H2O,6.5,1.00E-10,773.15,1.00E-10,1.492957746,0.002473832,N/A,N/A,4.023333333,12.07,0.02,0,0,256,512,100,0,0,3,Zhang & Duan (2005)
H2O,7,1.00E-10,773.15,1.00E-10,1.516835017,0.002553594,N/A,N/A,3.96,11.88,0.02,0,0,256,512,100,0,0,3,Zhang & Duan (2005)
H2O,1.5,1.00E-10,873.15,1.00E-10,1.058132707,0.004349342,N/A,N/A,5.676666667,17.03,0.07,0,0,256,512,100,0,0,3,Zhang & Duan (2005)
H2O,2,1.00E-10,873.15,1.00E-10,1.132620993,0.002135678,N/A,N/A,5.303333333,15.91,0.03,0,0,256,512,100,0,0,3,Zhang & Duan (2005)
H2O,2.5,1.00E-10,873.15,1.00E-10,1.19258769,0.003157082,N/A,N/A,5.036666667,15.11,0.04,0,0,256,512,100,0,0,3,Zhang & Duan (2005)
H2O,3,1.00E-10,873.15,1.00E-10,1.241902136,0.000855894,N/A,N/A,4.836666667,14.51,0.01,0,0,256,512,100,0,0,3,Zhang & Duan (2005)
H2O,3.5,1.00E-10,873.15,1.00E-10,1.283475783,0.00274247,N/A,N/A,4.68,14.04,0.03,0,0,256,512,100,0,0,3,Zhang & Duan (2005)
H2O,4,1.00E-10,873.15,1.00E-10,1.322083639,0.001939961,N/A,N/A,4.543333333,13.63,0.02,0,0,256,512,100,0,0,3,Zhang & Duan (2005)
H2O,4.5,1.00E-10,873.15,1.00E-10,1.355906697,0.003060737,N/A,N/A,4.43,13.29,0.03,0,0,256,512,100,0,0,3,Zhang & Duan (2005)
H2O,5,1.00E-10,873.15,1.00E-10,1.386153846,0.001066272,N/A,N/A,4.333333333,13,0.01,0,0,256,512,100,0,0,3,Zhang & Duan (2005)
H2O,5.5,1.00E-10,873.15,1.00E-10,1.41555381,0.003335948,N/A,N/A,4.243333333,12.73,0.03,0,0,256,512,100,0,0,3,Zhang & Duan (2005)
H2O,6,1.00E-10,873.15,1.00E-10,1.440447642,0.001151437,N/A,N/A,4.17,12.51,0.01,0,0,256,512,100,0,0,3,Zhang & Duan (2005)
H2O,6.5,1.00E-10,873.15,1.00E-10,1.46742671,0.002389946,N/A,N/A,4.093333333,12.28,0.02,0,0,256,512,100,0,0,3,Zhang & Duan (2005)
H2O,7,1.00E-10,873.15,1.00E-10,1.489256198,0.00123079,N/A,N/A,4.033333333,12.1,0.01,0,0,256,512,100,0,0,3,Zhang & Duan (2005)
H2O,7.5,1.00E-10,873.15,1.00E-10,1.513014274,0.003811119,N/A,N/A,3.97,11.91,0.03,0,0,256,512,100,0,0,3,Zhang & Duan (2005)
H2O,8,1.00E-10,873.15,1.00E-10,1.533617021,0.001305206,N/A,N/A,3.916666667,11.75,0.01,0,0,256,512,100,0,0,3,Zhang & Duan (2005)
H2O,1,1.00E-10,973.15,1.00E-10,0.915650407,0.003722156,N/A,N/A,6.56,19.68,0.08,0,0,256,512,100,0,0,3,Zhang & Duan (2005)
H2O,1.5,1.00E-10,973.15,1.00E-10,1.019807583,0.004617125,N/A,N/A,5.89,17.67,0.08,0,0,256,512,100,0,0,3,Zhang & Duan (2005)
H2O,2,1.00E-10,973.15,1.00E-10,1.098780488,0.002679952,N/A,N/A,5.466666667,16.4,0.04,0,0,256,512,100,0,0,3,Zhang & Duan (2005)
H2O,2.5,1.00E-10,973.15,1.00E-10,1.158842444,0.003726181,N/A,N/A,5.183333333,15.55,0.05,0,0,256,512,100,0,0,3,Zhang & Duan (2005)
H2O,3,1.00E-10,973.15,1.00E-10,1.210208193,0.003251063,N/A,N/A,4.963333333,14.89,0.04,0,0,256,512,100,0,0,3,Zhang & Duan (2005)
H2O,3.5,1.00E-10,973.15,1.00E-10,1.254874652,0.003495473,N/A,N/A,4.786666667,14.36,0.04,0,0,256,512,100,0,0,3,Zhang & Duan (2005)
H2O,4,1.00E-10,973.15,1.00E-10,1.292682927,0.001854638,N/A,N/A,4.646666667,13.94,0.02,0,0,256,512,100,0,0,3,Zhang & Duan (2005)
H2O,4.5,1.00E-10,973.15,1.00E-10,1.328908555,0.000980021,N/A,N/A,4.52,13.56,0.01,0,0,256,512,100,0,0,3,Zhang & Duan (2005)
H2O,5,1.00E-10,973.15,1.00E-10,1.36,0.003079245,N/A,N/A,4.416666667,13.25,0.03,0,0,256,512,100,0,0,3,Zhang & Duan (2005)
H2O,5.5,1.00E-10,973.15,1.00E-10,1.389360062,0.002142421,N/A,N/A,4.323333333,12.97,0.02,0,0,256,512,100,0,0,3,Zhang & Duan (2005)
H2O,6,1.00E-10,973.15,1.00E-10,1.417781275,0.00223097,N/A,N/A,4.236666667,12.71,0.02,0,0,256,512,100,0,0,3,Zhang & Duan (2005)
H2O,6.5,1.00E-10,973.15,1.00E-10,1.442754203,0.002310255,N/A,N/A,4.163333333,12.49,0.02,0,0,256,512,100,0,0,3,Zhang & Duan (2005)
H2O,7,1.00E-10,973.15,1.00E-10,1.46623271,0.002386058,N/A,N/A,4.096666667,12.29,0.02,0,0,256,512,100,0,0,3,Zhang & Duan (2005)
H2O,7.5,1.00E-10,973.15,1.00E-10,1.488026424,0.001228758,N/A,N/A,4.036666667,12.11,0.01,0,0,256,512,100,0,0,3,Zhang & Duan (2005)
H2O,8,1.00E-10,973.15,1.00E-10,1.510477787,0.001266117,N/A,N/A,3.976666667,11.93,0.01,0,0,256,512,100,0,0,3,Zhang & Duan (2005)
H2O,8.5,1.00E-10,973.15,1.00E-10,1.529711375,0.002597133,N/A,N/A,3.926666667,11.78,0.02,0,0,256,512,100,0,0,3,Zhang & Duan (2005)
H2O,2.5,1.00E-10,1073.15,1.00E-10,1.127659574,0.002822677,N/A,N/A,5.326666667,15.98,0.04,0,0,256,512,100,0,0,3,Zhang & Duan (2005)
H2O,3,1.00E-10,1073.15,1.00E-10,1.179319372,0.002315418,N/A,N/A,5.093333333,15.28,0.03,0,0,256,512,100,0,0,3,Zhang & Duan (2005)
H2O,3.5,1.00E-10,1073.15,1.00E-10,1.22585034,0.003335647,N/A,N/A,4.9,14.7,0.04,0,0,256,512,100,0,0,3,Zhang & Duan (2005)
H2O,4,1.00E-10,1073.15,1.00E-10,1.265449438,0.002665975,N/A,N/A,4.746666667,14.24,0.03,0,0,256,512,100,0,0,3,Zhang & Duan (2005)
H2O,4.5,1.00E-10,1073.15,1.00E-10,1.30296457,0.002826387,N/A,N/A,4.61,13.83,0.03,0,0,256,512,100,0,0,3,Zhang & Duan (2005)
H2O,5,1.00E-10,1073.15,1.00E-10,1.335804299,0.001980436,N/A,N/A,4.496666667,13.49,0.02,0,0,256,512,100,0,0,3,Zhang & Duan (2005)
H2O,5.5,1.00E-10,1073.15,1.00E-10,1.365151515,0.003102617,N/A,N/A,4.4,13.2,0.03,0,0,256,512,100,0,0,3,Zhang & Duan (2005)
H2O,6,1.00E-10,1073.15,1.00E-10,1.393658159,0.001077849,N/A,N/A,4.31,12.93,0.01,0,0,256,512,100,0,0,3,Zhang & Duan (2005)
H2O,6.5,1.00E-10,1073.15,1.00E-10,1.418897638,0.002234484,N/A,N/A,4.233333333,12.7,0.02,0,0,256,512,100,0,0,3,Zhang & Duan (2005)
H2O,7,1.00E-10,1073.15,1.00E-10,1.443910256,0.002313959,N/A,N/A,4.16,12.48,0.02,0,0,256,512,100,0,0,3,Zhang & Duan (2005)
H2O,7.5,1.00E-10,1073.15,1.00E-10,1.468622657,0.001196921,N/A,N/A,4.09,12.27,0.01,0,0,256,512,100,0,0,3,Zhang & Duan (2005)
H2O,8,1.00E-10,1073.15,1.00E-10,1.488026424,0.001228758,N/A,N/A,4.036666667,12.11,0.01,0,0,256,512,100,0,0,3,Zhang & Duan (2005)
H2O,8.5,1.00E-10,1073.15,1.00E-10,1.507949791,0.002523765,N/A,N/A,3.983333333,11.95,0.02,0,0,256,512,100,0,0,3,Zhang & Duan (2005)
H2O,9,1.00E-10,1073.15,1.00E-10,1.529711375,0.002597133,N/A,N/A,3.926666667,11.78,0.02,0,0,256,512,100,0,0,3,Zhang & Duan (2005)
H2O,9.5,1.00E-10,1073.15,1.00E-10,1.546781116,0.002655418,N/A,N/A,3.883333333,11.65,0.02,0,0,256,512,100,0,0,3,Zhang & Duan (2005)
H2O,10,1.00E-10,1073.15,1.00E-10,1.564236111,0.001357844,N/A,N/A,3.84,11.52,0.01,0,0,256,512,100,0,0,3,Zhang & Duan (2005)
H2O,1,1.00E-10,1173.15,1.00E-10,0.832332564,0.005382289,N/A,N/A,7.216666667,21.65,0.14,0,0,256,512,100,0,0,3,Zhang & Duan (2005)
H2O,1.5,1.00E-10,1173.15,1.00E-10,0.949920928,0.004005992,N/A,N/A,6.323333333,18.97,0.08,0,0,256,512,100,0,0,3,Zhang & Duan (2005)
H2O,2.5,1.00E-10,1173.15,1.00E-10,1.098110908,0.004684203,N/A,N/A,5.47,16.41,0.07,0,0,256,512,100,0,0,3,Zhang & Duan (2005)
H2O,4,1.00E-10,1173.15,1.00E-10,1.240192705,0.003414157,N/A,N/A,4.843333333,14.53,0.04,0,0,256,512,100,0,0,3,Zhang & Duan (2005)
H2O,4.5,1.00E-10,1173.15,1.00E-10,1.276203966,0.001807654,N/A,N/A,4.706666667,14.12,0.02,0,0,256,512,100,0,0,3,Zhang & Duan (2005)
H2O,5,1.00E-10,1173.15,1.00E-10,1.311499272,0.001909024,N/A,N/A,4.58,13.74,0.02,0,0,256,512,100,0,0,3,Zhang & Duan (2005)
H2O,5.5,1.00E-10,1173.15,1.00E-10,1.341772152,0.001998171,N/A,N/A,4.476666667,13.43,0.02,0,0,256,512,100,0,0,3,Zhang & Duan (2005)
H2O,6,1.00E-10,1173.15,1.00E-10,1.370342205,0.002084171,N/A,N/A,4.383333333,13.15,0.02,0,0,256,512,100,0,0,3,Zhang & Duan (2005)
H2O,6.5,1.00E-10,1173.15,1.00E-10,1.397982933,0.002169097,N/A,N/A,4.296666667,12.89,0.02,0,0,256,512,100,0,0,3,Zhang & Duan (2005)
H2O,7,1.00E-10,1173.15,1.00E-10,1.423380727,0.002248627,N/A,N/A,4.22,12.66,0.02,0,0,256,512,100,0,0,3,Zhang & Duan (2005)
H2O,7.5,1.00E-10,1173.15,1.00E-10,1.445068164,0.002317671,N/A,N/A,4.156666667,12.47,0.02,0,0,256,512,100,0,0,3,Zhang & Duan (2005)
H2O,8,1.00E-10,1173.15,1.00E-10,1.46742671,0.002389946,N/A,N/A,4.093333333,12.28,0.02,0,0,256,512,100,0,0,3,Zhang & Duan (2005)
H2O,8.5,1.00E-10,1173.15,1.00E-10,1.489256198,0.00123079,N/A,N/A,4.033333333,12.1,0.01,0,0,256,512,100,0,0,3,Zhang & Duan (2005)
H2O,9,1.00E-10,1173.15,1.00E-10,1.507949791,0.002523765,N/A,N/A,3.983333333,11.95,0.02,0,0,256,512,100,0,0,3,Zhang & Duan (2005)
H2O,9.5,1.00E-10,1173.15,1.00E-10,1.527118644,0.002588337,N/A,N/A,3.933333333,11.8,0.02,0,0,256,512,100,0,0,3,Zhang & Duan (2005)
H2O,10,1.00E-10,1173.15,1.00E-10,1.545454545,0.001325433,N/A,N/A,3.886666667,11.66,0.01,0,0,256,512,100,0,0,3,Zhang & Duan (2005)
H2O,11,1.00E-10,1173.15,1.00E-10,1.579316389,0.002768302,N/A,N/A,3.803333333,11.41,0.02,0,0,256,512,100,0,0,3,Zhang & Duan (2005)
H2O,1.5,1.00E-10,1273.15,1.00E-10,0.914720812,0.004643253,N/A,N/A,6.566666667,19.7,0.1,0,0,256,512,100,0,0,3,Zhang & Duan (2005)
H2O,2,1.00E-10,1273.15,1.00E-10,1.002782415,0.001674094,N/A,N/A,5.99,17.97,0.03,0,0,256,512,100,0,0,3,Zhang & Duan (2005)
H2O,2.5,1.00E-10,1273.15,1.00E-10,1.066903493,0.003158388,N/A,N/A,5.63,16.89,0.05,0,0,256,512,100,0,0,3,Zhang & Duan (2005)
H2O,3.5,1.00E-10,1273.15,1.00E-10,1.174706649,0.00229734,N/A,N/A,5.113333333,15.34,0.03,0,0,256,512,100,0,0,3,Zhang & Duan (2005)
H2O,4,1.00E-10,1273.15,1.00E-10,1.215924426,0.003281847,N/A,N/A,4.94,14.82,0.04,0,0,256,512,100,0,0,3,Zhang & Duan (2005)
H2O,4.5,1.00E-10,1273.15,1.00E-10,1.254001392,0.002617957,N/A,N/A,4.79,14.37,0.03,0,0,256,512,100,0,0,3,Zhang & Duan (2005)
H2O,5,1.00E-10,1273.15,1.00E-10,1.288984263,0.00092202,N/A,N/A,4.66,13.98,0.01,0,0,256,512,100,0,0,3,Zhang & Duan (2005)
H2O,5.5,1.00E-10,1273.15,1.00E-10,1.318215069,0.001928625,N/A,N/A,4.556666667,13.67,0.02,0,0,256,512,100,0,0,3,Zhang & Duan (2005)
H2O,6,1.00E-10,1273.15,1.00E-10,1.348802395,0.003028748,N/A,N/A,4.453333333,13.36,0.03,0,0,256,512,100,0,0,3,Zhang & Duan (2005)
H2O,6.5,1.00E-10,1273.15,1.00E-10,1.375572519,0.002100111,N/A,N/A,4.366666667,13.1,0.02,0,0,256,512,100,0,0,3,Zhang & Duan (2005)
H2O,7,1.00E-10,1273.15,1.00E-10,1.4001554,0.003263766,N/A,N/A,4.29,12.87,0.03,0,0,256,512,100,0,0,3,Zhang & Duan (2005)
H2O,7.5,1.00E-10,1273.15,1.00E-10,1.425632911,0.002255748,N/A,N/A,4.213333333,12.64,0.02,0,0,256,512,100,0,0,3,Zhang & Duan (2005)
H2O,8,1.00E-10,1273.15,1.00E-10,1.446227929,0.002321393,N/A,N/A,4.153333333,12.46,0.02,0,0,256,512,100,0,0,3,Zhang & Duan (2005)
H2O,8.5,1.00E-10,1273.15,1.00E-10,1.468622657,0.002393843,N/A,N/A,4.09,12.27,0.02,0,0,256,512,100,0,0,3,Zhang & Duan (2005)
H2O,9,1.00E-10,1273.15,1.00E-10,1.488026424,0.002457517,N/A,N/A,4.036666667,12.11,0.02,0,0,256,512,100,0,0,3,Zhang & Duan (2005)
H2O,9.5,1.00E-10,1273.15,1.00E-10,1.507949791,0.002523765,N/A,N/A,3.983333333,11.95,0.02,0,0,256,512,100,0,0,3,Zhang & Duan (2005)
H2O,10,1.00E-10,1273.15,1.00E-10,1.527118644,0.001294168,N/A,N/A,3.933333333,11.8,0.01,0,0,256,512,100,0,0,3,Zhang & Duan (2005)
H2O,11,1.00E-10,1273.15,1.00E-10,1.56152513,0.001353141,N/A,N/A,3.846666667,11.54,0.01,0,0,256,512,100,0,0,3,Zhang & Duan (2005)
H2O,12,1.00E-10,1273.15,1.00E-10,1.593280283,0.001408736,N/A,N/A,3.77,11.31,0.01,0,0,256,512,100,0,0,3,Zhang & Duan (2005)
H2O,1,1.00E-10,1373.15,1.00E-10,0.760016871,0.005128752,N/A,N/A,7.903333333,23.71,0.16,0,0,256,512,100,0,0,3,Zhang & Duan (2005)
H2O,1.5,1.00E-10,1373.15,1.00E-10,0.882036221,0.004317358,N/A,N/A,6.81,20.43,0.1,0,0,256,512,100,0,0,3,Zhang & Duan (2005)
H2O,2,1.00E-10,1373.15,1.00E-10,0.970905172,0.004184936,N/A,N/A,6.186666667,18.56,0.08,0,0,256,512,100,0,0,3,Zhang & Duan (2005)
H2O,4.5,1.00E-10,1373.15,1.00E-10,1.230874317,0.003363045,N/A,N/A,4.88,14.64,0.04,0,0,256,512,100,0,0,3,Zhang & Duan (2005)
H2O,5,1.00E-10,1373.15,1.00E-10,1.266338721,0.002669723,N/A,N/A,4.743333333,14.23,0.03,0,0,256,512,100,0,0,3,Zhang & Duan (2005)
H2O,5.5,1.00E-10,1373.15,1.00E-10,1.299206921,0.001873406,N/A,N/A,4.623333333,13.87,0.02,0,0,256,512,100,0,0,3,Zhang & Duan (2005)
H2O,6,1.00E-10,1373.15,1.00E-10,1.327929256,0.001957154,N/A,N/A,4.523333333,13.57,0.02,0,0,256,512,100,0,0,3,Zhang & Duan (2005)
H2O,6.5,1.00E-10,1373.15,1.00E-10,1.355906697,0.002040492,N/A,N/A,4.43,13.29,0.02,0,0,256,512,100,0,0,3,Zhang & Duan (2005)
H2O,7,1.00E-10,1373.15,1.00E-10,1.380842912,0.001058117,N/A,N/A,4.35,13.05,0.01,0,0,256,512,100,0,0,3,Zhang & Duan (2005)
H2O,7.5,1.00E-10,1373.15,1.00E-10,1.405616225,0.002192849,N/A,N/A,4.273333333,12.82,0.02,0,0,256,512,100,0,0,3,Zhang & Duan (2005)
H2O,8,1.00E-10,1373.15,1.00E-10,1.427892235,0.002262904,N/A,N/A,4.206666667,12.62,0.02,0,0,256,512,100,0,0,3,Zhang & Duan (2005)
H2O,8.5,1.00E-10,1373.15,1.00E-10,1.450885668,0.00233637,N/A,N/A,4.14,12.42,0.02,0,0,256,512,100,0,0,3,Zhang & Duan (2005)
H2O,9,1.00E-10,1373.15,1.00E-10,1.469820555,0.00239775,N/A,N/A,4.086666667,12.26,0.02,0,0,256,512,100,0,0,3,Zhang & Duan (2005)
H2O,9.5,1.00E-10,1373.15,1.00E-10,1.489256198,0.00123079,N/A,N/A,4.033333333,12.1,0.01,0,0,256,512,100,0,0,3,Zhang & Duan (2005)
H2O,10,1.00E-10,1373.15,1.00E-10,1.507949791,0.001261883,N/A,N/A,3.983333333,11.95,0.01,0,0,256,512,100,0,0,3,Zhang & Duan (2005)
H2O,11,1.00E-10,1373.15,1.00E-10,1.542808219,0.002641795,N/A,N/A,3.893333333,11.68,0.02,0,0,256,512,100,0,0,3,Zhang & Duan (2005)
H2O,12,1.00E-10,1373.15,1.00E-10,1.573799127,0.001374497,N/A,N/A,3.816666667,11.45,0.01,0,0,256,512,100,0,0,3,Zhang & Duan (2005)
H2O,13,1.00E-10,1373.15,1.00E-10,1.60749331,0.001433982,N/A,N/A,3.736666667,11.21,0.01,0,0,256,512,100,0,0,3,Zhang & Duan (2005)
H2O,0.1,1.00E-10,1773.15,1.00E-10,0.117249008,0.002685383,N/A,N/A,51.23,153.69,3.52,0,0,256,512,100,0,0,3,Zhang & Duan (2005)
H2O,0.2,1.00E-10,1773.15,1.00E-10,0.220914552,0.001949963,N/A,N/A,27.19,81.57,0.72,0,0,256,512,100,0,0,3,Zhang & Duan (2005)
H2O,0.5,1.00E-10,1773.15,1.00E-10,0.43865628,0.002455963,N/A,N/A,13.69333333,41.08,0.23,0,0,256,512,100,0,0,3,Zhang & Duan (2005)
H2O,1,1.00E-10,1773.15,1.00E-10,0.647037702,0.003717272,N/A,N/A,9.283333333,27.85,0.16,0,0,256,512,100,0,0,3,Zhang & Duan (2005)
H2O,2,1.00E-10,1773.15,1.00E-10,0.872639225,0.002112928,N/A,N/A,6.883333333,20.65,0.05,0,0,256,512,100,0,0,3,Zhang & Duan (2005)
H2O,5,1.00E-10,1773.15,1.00E-10,1.187088274,0.001564016,N/A,N/A,5.06,15.18,0.02,0,0,256,512,100,0,0,3,Zhang & Duan (2005)
H2O,10,1.00E-10,1773.15,1.00E-10,1.442754203,0.001155127,N/A,N/A,4.163333333,12.49,0.01,0,0,256,512,100,0,0,3,Zhang & Duan (2005)
H2O,1,1.00E-10,1873.15,1.00E-10,0.625043358,0.003252047,N/A,N/A,9.61,28.83,0.15,0,0,256,512,100,0,0,3,Zhang & Duan (2005)
H2O,1.5,1.00E-10,1873.15,1.00E-10,0.755555556,0.004435127,N/A,N/A,7.95,23.85,0.14,0,0,256,512,100,0,0,3,Zhang & Duan (2005)
H2O,2,1.00E-10,1873.15,1.00E-10,0.85,0.002806604,N/A,N/A,7.066666667,21.2,0.07,0,0,256,512,100,0,0,3,Zhang & Duan (2005)
H2O,3,1.00E-10,1873.15,1.00E-10,0.989023052,0.003799759,N/A,N/A,6.073333333,18.22,0.07,0,0,256,512,100,0,0,3,Zhang & Duan (2005)
H2O,3.5,1.00E-10,1873.15,1.00E-10,1.042220937,0.00361673,N/A,N/A,5.763333333,17.29,0.06,0,0,256,512,100,0,0,3,Zhang & Duan (2005)
H2O,4,1.00E-10,1873.15,1.00E-10,1.090139141,0.003297457,N/A,N/A,5.51,16.53,0.05,0,0,256,512,100,0,0,3,Zhang & Duan (2005)
H2O,4.5,1.00E-10,1873.15,1.00E-10,1.130489335,0.002127646,N/A,N/A,5.313333333,15.94,0.03,0,0,256,512,100,0,0,3,Zhang & Duan (2005)
H2O,5,1.00E-10,1873.15,1.00E-10,1.168612192,0.002273565,N/A,N/A,5.14,15.42,0.03,0,0,256,512,100,0,0,3,Zhang & Duan (2005)
H2O,5.5,1.00E-10,1873.15,1.00E-10,1.203740815,0.003216408,N/A,N/A,4.99,14.97,0.04,0,0,256,512,100,0,0,3,Zhang & Duan (2005)
H2O,6,1.00E-10,1873.15,1.00E-10,1.235939643,0.004238476,N/A,N/A,4.86,14.58,0.05,0,0,256,512,100,0,0,3,Zhang & Duan (2005)
H2O,6.5,1.00E-10,1873.15,1.00E-10,1.265449438,0.002665975,N/A,N/A,4.746666667,14.24,0.03,0,0,256,512,100,0,0,3,Zhang & Duan (2005)
H2O,7,1.00E-10,1873.15,1.00E-10,1.290830946,0.002773992,N/A,N/A,4.653333333,13.96,0.03,0,0,256,512,100,0,0,3,Zhang & Duan (2005)
H2O,7.5,1.00E-10,1873.15,1.00E-10,1.318215069,0.001928625,N/A,N/A,4.556666667,13.67,0.02,0,0,256,512,100,0,0,3,Zhang & Duan (2005)
H2O,8,1.00E-10,1873.15,1.00E-10,1.341772152,0.002997257,N/A,N/A,4.476666667,13.43,0.03,0,0,256,512,100,0,0,3,Zhang & Duan (2005)
H2O,8.5,1.00E-10,1873.15,1.00E-10,1.366186505,0.002071549,N/A,N/A,4.396666667,13.19,0.02,0,0,256,512,100,0,0,3,Zhang & Duan (2005)
H2O,9,1.00E-10,1873.15,1.00E-10,1.387220939,0.003203744,N/A,N/A,4.33,12.99,0.03,0,0,256,512,100,0,0,3,Zhang & Duan (2005)
H2O,9.5,1.00E-10,1873.15,1.00E-10,1.408913213,0.002203148,N/A,N/A,4.263333333,12.79,0.02,0,0,256,512,100,0,0,3,Zhang & Duan (2005)
H2O,10,1.00E-10,1873.15,1.00E-10,1.427892235,0.002262904,N/A,N/A,4.206666667,12.62,0.02,0,0,256,512,100,0,0,3,Zhang & Duan (2005)
H2O,11,1.00E-10,1873.15,1.00E-10,1.463850528,0.001189156,N/A,N/A,4.103333333,12.31,0.01,0,0,256,512,100,0,0,3,Zhang & Duan (2005)
H2O,12,1.00E-10,1873.15,1.00E-10,1.499168053,0.001247228,N/A,N/A,4.006666667,12.02,0.01,0,0,256,512,100,0,0,3,Zhang & Duan (2005)
H2O,13,1.00E-10,1873.15,1.00E-10,1.531011045,0.002601548,N/A,N/A,3.923333333,11.77,0.02,0,0,256,512,100,0,0,3,Zhang & Duan (2005)
H2O,14,1.00E-10,1873.15,1.00E-10,1.56152513,0.001353141,N/A,N/A,3.846666667,11.54,0.01,0,0,256,512,100,0,0,3,Zhang & Duan (2005)
H2O,15,1.00E-10,1873.15,1.00E-10,1.589065256,0.002802584,N/A,N/A,3.78,11.34,0.02,0,0,256,512,100,0,0,3,Zhang & Duan (2005)
H2O,16,1.00E-10,1873.15,1.00E-10,1.616143498,0.001449456,N/A,N/A,3.716666667,11.15,0.01,0,0,256,512,100,0,0,3,Zhang & Duan (2005)
H2O,17,1.00E-10,1873.15,1.00E-10,1.639672429,0.001491968,N/A,N/A,3.663333333,10.99,0.01,0,0,256,512,100,0,0,3,Zhang & Duan (2005)
H2O,18,1.00E-10,1873.15,1.00E-10,1.665434381,0.001539218,N/A,N/A,3.606666667,10.82,0.01,0,0,256,512,100,0,0,3,Zhang & Duan (2005)
H2O,19,1.00E-10,1873.15,1.00E-10,1.685687558,0.001576883,N/A,N/A,3.563333333,10.69,0.01,0,0,256,512,100,0,0,3,Zhang & Duan (2005)
H2O,0.1,1.00E-10,2273.15,1.00E-10,0.08989773,0.001923977,N/A,N/A,66.81666667,200.45,4.29,0,0,256,512,100,0,0,3,Zhang & Duan (2005)
H2O,0.2,1.00E-10,2273.15,1.00E-10,0.16814407,0.003530131,N/A,N/A,35.72333333,107.17,2.25,0,0,256,512,100,0,0,3,Zhang & Duan (2005)
H2O,0.5,1.00E-10,2273.15,1.00E-10,0.352987267,0.004701887,N/A,N/A,17.01666667,51.05,0.68,0,0,256,512,100,0,0,3,Zhang & Duan (2005)
H2O,1,1.00E-10,2273.15,1.00E-10,0.547720365,0.00449497,N/A,N/A,10.96666667,32.9,0.27,0,0,256,512,100,0,0,3,Zhang & Duan (2005)
H2O,2,1.00E-10,2273.15,1.00E-10,0.774054983,0.003989974,N/A,N/A,7.76,23.28,0.12,0,0,256,512,100,0,0,3,Zhang & Duan (2005)
H2O,5,1.00E-10,2273.15,1.00E-10,1.104166667,0.002029718,N/A,N/A,5.44,16.32,0.03,0,0,256,512,100,0,0,3,Zhang & Duan (2005)
H2O,10,1.00E-10,2273.15,1.00E-10,1.372429551,0.002090525,N/A,N/A,4.376666667,13.13,0.02,0,0,256,512,100,0,0,3,Zhang & Duan (2005)
H2O,20,1.00E-10,2273.15,1.00E-10,1.660829493,0.001530718,N/A,N/A,3.616666667,10.85,0.01,0,0,256,512,100,0,0,3,Zhang & Duan (2005)
H2O,1,1.00E-10,2373.15,1.00E-10,0.53078056,0.005159281,N/A,N/A,11.31666667,33.95,0.33,0,0,256,512,100,0,0,3,Zhang & Duan (2005)
H2O,1.5,1.00E-10,2373.15,1.00E-10,0.658625731,0.003851612,N/A,N/A,9.12,27.36,0.16,0,0,256,512,100,0,0,3,Zhang & Duan (2005)
H2O,2,1.00E-10,2373.15,1.00E-10,0.759696459,0.005124428,N/A,N/A,7.906666667,23.72,0.16,0,0,256,512,100,0,0,3,Zhang & Duan (2005)
H2O,2.5,1.00E-10,2373.15,1.00E-10,0.838139535,0.003508491,N/A,N/A,7.166666667,21.5,0.09,0,0,256,512,100,0,0,3,Zhang & Duan (2005)
H2O,3,1.00E-10,2373.15,1.00E-10,0.9000999,0.006294405,N/A,N/A,6.673333333,20.02,0.14,0,0,256,512,100,0,0,3,Zhang & Duan (2005)
H2O,3.5,1.00E-10,2373.15,1.00E-10,0.956475584,0.003046101,N/A,N/A,6.28,18.84,0.06,0,0,256,512,100,0,0,3,Zhang & Duan (2005)
H2O,4,1.00E-10,2373.15,1.00E-10,1.00614182,0.003370659,N/A,N/A,5.97,17.91,0.06,0,0,256,512,100,0,0,3,Zhang & Duan (2005)
H2O,4.5,1.00E-10,2373.15,1.00E-10,1.048894063,0.00305266,N/A,N/A,5.726666667,17.18,0.05,0,0,256,512,100,0,0,3,Zhang & Duan (2005)
H2O,5,1.00E-10,2373.15,1.00E-10,1.090799031,0.00330145,N/A,N/A,5.506666667,16.52,0.05,0,0,256,512,100,0,0,3,Zhang & Duan (2005)
H2O,5.5,1.00E-10,2373.15,1.00E-10,1.127659574,0.004234016,N/A,N/A,5.326666667,15.98,0.06,0,0,256,512,100,0,0,3,Zhang & Duan (2005)
H2O,6,1.00E-10,2373.15,1.00E-10,1.157353886,0.004459938,N/A,N/A,5.19,15.57,0.06,0,0,256,512,100,0,0,3,Zhang & Duan (2005)
H2O,6.5,1.00E-10,2373.15,1.00E-10,1.188654354,0.003136291,N/A,N/A,5.053333333,15.16,0.04,0,0,256,512,100,0,0,3,Zhang & Duan (2005)
H2O,7,1.00E-10,2373.15,1.00E-10,1.220040623,0.002478078,N/A,N/A,4.923333333,14.77,0.03,0,0,256,512,100,0,0,3,Zhang & Duan (2005)
H2O,7.5,1.00E-10,2373.15,1.00E-10,1.245335176,0.002581897,N/A,N/A,4.823333333,14.47,0.03,0,0,256,512,100,0,0,3,Zhang & Duan (2005)
H2O,8,1.00E-10,2373.15,1.00E-10,1.269908386,0.002684796,N/A,N/A,4.73,14.19,0.03,0,0,256,512,100,0,0,3,Zhang & Duan (2005)
H2O,8.5,1.00E-10,2373.15,1.00E-10,1.296402878,0.002797992,N/A,N/A,4.633333333,13.9,0.03,0,0,256,512,100,0,0,3,Zhang & Duan (2005)
H2O,9,1.00E-10,2373.15,1.00E-10,1.317251462,0.001925806,N/A,N/A,4.56,13.68,0.02,0,0,256,512,100,0,0,3,Zhang & Duan (2005)
H2O,9.5,1.00E-10,2373.15,1.00E-10,1.338781575,0.002983911,N/A,N/A,4.486666667,13.46,0.03,0,0,256,512,100,0,0,3,Zhang & Duan (2005)
H2O,10,1.00E-10,2373.15,1.00E-10,1.358974359,0.002049735,N/A,N/A,4.42,13.26,0.02,0,0,256,512,100,0,0,3,Zhang & Duan (2005)
H2O,11,1.00E-10,2373.15,1.00E-10,1.396899225,0.002165735,N/A,N/A,4.3,12.9,0.02,0,0,256,512,100,0,0,3,Zhang & Duan (2005)
H2O,12,1.00E-10,2373.15,1.00E-10,1.433571997,0.002280942,N/A,N/A,4.19,12.57,0.02,0,0,256,512,100,0,0,3,Zhang & Duan (2005)
H2O,13,1.00E-10,2373.15,1.00E-10,1.46623271,0.001193029,N/A,N/A,4.096666667,12.29,0.01,0,0,256,512,100,0,0,3,Zhang & Duan (2005)
H2O,14,1.00E-10,2373.15,1.00E-10,1.497921862,0.002490311,N/A,N/A,4.01,12.03,0.02,0,0,256,512,100,0,0,3,Zhang & Duan (2005)
H2O,15,1.00E-10,2373.15,1.00E-10,1.525825572,0.001291978,N/A,N/A,3.936666667,11.81,0.01,0,0,256,512,100,0,0,3,Zhang & Duan (2005)
H2O,16,1.00E-10,2373.15,1.00E-10,1.553448276,0.002678359,N/A,N/A,3.866666667,11.6,0.02,0,0,256,512,100,0,0,3,Zhang & Duan (2005)
H2O,17,1.00E-10,2373.15,1.00E-10,1.579316389,0.001384151,N/A,N/A,3.803333333,11.41,0.01,0,0,256,512,100,0,0,3,Zhang & Duan (2005)
H2O,18,1.00E-10,2373.15,1.00E-10,1.606060606,0.001431427,N/A,N/A,3.74,11.22,0.01,0,0,256,512,100,0,0,3,Zhang & Duan (2005)
H2O,19,1.00E-10,2373.15,1.00E-10,1.627822945,0.001470481,N/A,N/A,3.69,11.07,0.01,0,0,256,512,100,0,0,3,Zhang & Duan (2005)
H2O,20,1.00E-10,2373.15,1.00E-10,1.65018315,0.001511157,N/A,N/A,3.64,10.92,0.01,0,0,256,512,100,0,0,3,Zhang & Duan (2005)
H2O,1,1.00E-10,2873.15,1.00E-10,0.465873837,0.005299496,N/A,N/A,12.89333333,38.68,0.44,0,0,256,512,100,0,0,3,Zhang & Duan (2005)
H2O,1.5,1.00E-10,2873.15,1.00E-10,0.591595535,0.00407863,N/A,N/A,10.15333333,30.46,0.21,0,0,256,512,100,0,0,3,Zhang & Duan (2005)
H2O,2,1.00E-10,2873.15,1.00E-10,0.687261632,0.004980157,N/A,N/A,8.74,26.22,0.19,0,0,256,512,100,0,0,3,Zhang & Duan (2005)
H2O,2.5,1.00E-10,2873.15,1.00E-10,0.763559322,0.006794384,N/A,N/A,7.866666667,23.6,0.21,0,0,256,512,100,0,0,3,Zhang & Duan (2005)
H2O,3,1.00E-10,2873.15,1.00E-10,0.830797603,0.004979423,N/A,N/A,7.23,21.69,0.13,0,0,256,512,100,0,0,3,Zhang & Duan (2005)
H2O,3.5,1.00E-10,2873.15,1.00E-10,0.887684729,0.004810114,N/A,N/A,6.766666667,20.3,0.11,0,0,256,512,100,0,0,3,Zhang & Duan (2005)
H2O,4,1.00E-10,2873.15,1.00E-10,0.939030745,0.003914667,N/A,N/A,6.396666667,19.19,0.08,0,0,256,512,100,0,0,3,Zhang & Duan (2005)
H2O,4.5,1.00E-10,2873.15,1.00E-10,0.982016349,0.002675794,N/A,N/A,6.116666667,18.35,0.05,0,0,256,512,100,0,0,3,Zhang & Duan (2005)
H2O,5,1.00E-10,2873.15,1.00E-10,1.020385051,0.002888972,N/A,N/A,5.886666667,17.66,0.05,0,0,256,512,100,0,0,3,Zhang & Duan (2005)
H2O,5.5,1.00E-10,2873.15,1.00E-10,1.058754407,0.004354454,N/A,N/A,5.673333333,17.02,0.07,0,0,256,512,100,0,0,3,Zhang & Duan (2005)
H2O,6,1.00E-10,2873.15,1.00E-10,1.094775213,0.003325563,N/A,N/A,5.486666667,16.46,0.05,0,0,256,512,100,0,0,3,Zhang & Duan (2005)
H2O,6.5,1.00E-10,2873.15,1.00E-10,1.12625,0.002815625,N/A,N/A,5.333333333,16,0.04,0,0,256,512,100,0,0,3,Zhang & Duan (2005)
H2O,7,1.00E-10,2873.15,1.00E-10,1.153649168,0.002954287,N/A,N/A,5.206666667,15.62,0.04,0,0,256,512,100,0,0,3,Zhang & Duan (2005)
H2O,7.5,1.00E-10,2873.15,1.00E-10,1.18319107,0.003884409,N/A,N/A,5.076666667,15.23,0.05,0,0,256,512,100,0,0,3,Zhang & Duan (2005)
H2O,8,1.00E-10,2873.15,1.00E-10,1.209395973,0.004058376,N/A,N/A,4.966666667,14.9,0.05,0,0,256,512,100,0,0,3,Zhang & Duan (2005)
H2O,8.5,1.00E-10,2873.15,1.00E-10,1.23255814,0.003372252,N/A,N/A,4.873333333,14.62,0.04,0,0,256,512,100,0,0,3,Zhang & Duan (2005)
H2O,9,1.00E-10,2873.15,1.00E-10,1.255749129,0.003500346,N/A,N/A,4.783333333,14.35,0.04,0,0,256,512,100,0,0,3,Zhang & Duan (2005)
H2O,9.5,1.00E-10,2873.15,1.00E-10,1.278921221,0.00363072,N/A,N/A,4.696666667,14.09,0.04,0,0,256,512,100,0,0,3,Zhang & Duan (2005)
H2O,10,1.00E-10,2873.15,1.00E-10,1.299206921,0.002810109,N/A,N/A,4.623333333,13.87,0.03,0,0,256,512,100,0,0,3,Zhang & Duan (2005)
H2O,11,1.00E-10,2873.15,1.00E-10,1.339776952,0.00298835,N/A,N/A,4.483333333,13.45,0.03,0,0,256,512,100,0,0,3,Zhang & Duan (2005)
H2O,12,1.00E-10,2873.15,1.00E-10,1.375572519,0.002100111,N/A,N/A,4.366666667,13.1,0.02,0,0,256,512,100,0,0,3,Zhang & Duan (2005)
H2O,13,1.00E-10,2873.15,1.00E-10,1.410015649,0.003309896,N/A,N/A,4.26,12.78,0.03,0,0,256,512,100,0,0,3,Zhang & Duan (2005)
H2O,14,1.00E-10,2873.15,1.00E-10,1.4416,0.00115328,N/A,N/A,4.166666667,12.5,0.01,0,0,256,512,100,0,0,3,Zhang & Duan (2005)
H2O,15,1.00E-10,2873.15,1.00E-10,1.473426002,0.001204764,N/A,N/A,4.076666667,12.23,0.01,0,0,256,512,100,0,0,3,Zhang & Duan (2005)
H2O,16,1.00E-10,2873.15,1.00E-10,1.499168053,0.001247228,N/A,N/A,4.006666667,12.02,0.01,0,0,256,512,100,0,0,3,Zhang & Duan (2005)
H2O,17,1.00E-10,2873.15,1.00E-10,1.525825572,0.001291978,N/A,N/A,3.936666667,11.81,0.01,0,0,256,512,100,0,0,3,Zhang & Duan (2005)
H2O,18,1.00E-10,2873.15,1.00E-10,1.553448276,0.004017539,N/A,N/A,3.866666667,11.6,0.03,0,0,256,512,100,0,0,3,Zhang & Duan (2005)
H2O,19,1.00E-10,2873.15,1.00E-10,1.576552931,0.002758623,N/A,N/A,3.81,11.43,0.02,0,0,256,512,100,0,0,3,Zhang & Duan (2005)
H2O,20,1.00E-10,2873.15,1.00E-10,1.598935226,0.001418754,N/A,N/A,3.756666667,11.27,0.01,0,0,256,512,100,0,0,3,Zhang & Duan (2005)
H2O,0.2,1.00E-10,3273.15,1.00E-10,0.117570301,0.001603197,N/A,N/A,51.09,153.27,2.09,0,0,256,512,100,0,0,3,Zhang & Duan (2005)
H2O,0.5,1.00E-10,3273.15,1.00E-10,0.257355041,0.00294036,N/A,N/A,23.34,70.02,0.8,0,0,256,512,100,0,0,3,Zhang & Duan (2005)
H2O,1,1.00E-10,3273.15,1.00E-10,0.426710869,0.003233424,N/A,N/A,14.07666667,42.23,0.32,0,0,256,512,100,0,0,3,Zhang & Duan (2005)
H2O,2,1.00E-10,3273.15,1.00E-10,0.641737892,0.003885165,N/A,N/A,9.36,28.08,0.17,0,0,256,512,100,0,0,3,Zhang & Duan (2005)
H2O,5,1.00E-10,3273.15,1.00E-10,0.97616468,0.0021152,N/A,N/A,6.153333333,18.46,0.04,0,0,256,512,100,0,0,3,Zhang & Duan (2005)
H2O,10,1.00E-10,3273.15,1.00E-10,1.26013986,0.001762433,N/A,N/A,4.766666667,14.3,0.02,0,0,256,512,100,0,0,3,Zhang & Duan (2005)
H2O,20,1.00E-10,3273.15,1.00E-10,1.564236111,0.001357844,N/A,N/A,3.84,11.52,0.01,0,0,256,512,100,0,0,3,Zhang & Duan (2005)
H2O,1,1.00E-10,3373.15,1.00E-10,0.416070192,0.004034853,N/A,N/A,14.43666667,43.31,0.42,0,0,256,512,100,0,0,3,Zhang & Duan (2005)
H2O,1.5,1.00E-10,3373.15,1.00E-10,0.535990482,0.003188522,N/A,N/A,11.20666667,33.62,0.2,0,0,256,512,100,0,0,3,Zhang & Duan (2005)
H2O,2,1.00E-10,3373.15,1.00E-10,0.628312413,0.005038768,N/A,N/A,9.56,28.68,0.23,0,0,256,512,100,0,0,3,Zhang & Duan (2005)
H2O,2.5,1.00E-10,3373.15,1.00E-10,0.705559906,0.004972623,N/A,N/A,8.513333333,25.54,0.18,0,0,256,512,100,0,0,3,Zhang & Duan (2005)
H2O,3,1.00E-10,3373.15,1.00E-10,0.776389487,0.004014077,N/A,N/A,7.736666667,23.21,0.12,0,0,256,512,100,0,0,3,Zhang & Duan (2005)
H2O,3.5,1.00E-10,3373.15,1.00E-10,0.828886845,0.007625454,N/A,N/A,7.246666667,21.74,0.2,0,0,256,512,100,0,0,3,Zhang & Duan (2005)
H2O,4,1.00E-10,3373.15,1.00E-10,0.880742913,0.006457059,N/A,N/A,6.82,20.46,0.15,0,0,256,512,100,0,0,3,Zhang & Duan (2005)
H2O,4.5,1.00E-10,3373.15,1.00E-10,0.925051335,0.001899489,N/A,N/A,6.493333333,19.48,0.04,0,0,256,512,100,0,0,3,Zhang & Duan (2005)
H2O,5,1.00E-10,3373.15,1.00E-10,0.963121325,0.005662392,N/A,N/A,6.236666667,18.71,0.11,0,0,256,512,100,0,0,3,Zhang & Duan (2005)
H2O,5.5,1.00E-10,3373.15,1.00E-10,1.003899721,0.005592756,N/A,N/A,5.983333333,17.95,0.1,0,0,256,512,100,0,0,3,Zhang & Duan (2005)
H2O,6,1.00E-10,3373.15,1.00E-10,1.036823936,0.003579369,N/A,N/A,5.793333333,17.38,0.06,0,0,256,512,100,0,0,3,Zhang & Duan (2005)
H2O,6.5,1.00E-10,3373.15,1.00E-10,1.072619048,0.00510771,N/A,N/A,5.6,16.8,0.08,0,0,256,512,100,0,0,3,Zhang & Duan (2005)
H2O,7,1.00E-10,3373.15,1.00E-10,1.100794136,0.004034676,N/A,N/A,5.456666667,16.37,0.06,0,0,256,512,100,0,0,3,Zhang & Duan (2005)
H2O,7.5,1.00E-10,3373.15,1.00E-10,1.129072682,0.002829756,N/A,N/A,5.32,15.96,0.04,0,0,256,512,100,0,0,3,Zhang & Duan (2005)
H2O,8,1.00E-10,3373.15,1.00E-10,1.154388213,0.002218555,N/A,N/A,5.203333333,15.61,0.03,0,0,256,512,100,0,0,3,Zhang & Duan (2005)
H2O,8.5,1.00E-10,3373.15,1.00E-10,1.179319372,0.002315418,N/A,N/A,5.093333333,15.28,0.03,0,0,256,512,100,0,0,3,Zhang & Duan (2005)
H2O,9,1.00E-10,3373.15,1.00E-10,1.202134757,0.002405873,N/A,N/A,4.996666667,14.99,0.03,0,0,256,512,100,0,0,3,Zhang & Duan (2005)
H2O,9.5,1.00E-10,3373.15,1.00E-10,1.22668482,0.002505143,N/A,N/A,4.896666667,14.69,0.03,0,0,256,512,100,0,0,3,Zhang & Duan (2005)
H2O,10,1.00E-10,3373.15,1.00E-10,1.248787249,0.003461642,N/A,N/A,4.81,14.43,0.04,0,0,256,512,100,0,0,3,Zhang & Duan (2005)
H2O,11,1.00E-10,3373.15,1.00E-10,1.288062902,0.00368281,N/A,N/A,4.663333333,13.99,0.04,0,0,256,512,100,0,0,3,Zhang & Duan (2005)
H2O,12,1.00E-10,3373.15,1.00E-10,1.327929256,0.003914309,N/A,N/A,4.523333333,13.57,0.04,0,0,256,512,100,0,0,3,Zhang & Duan (2005)
H2O,13,1.00E-10,3373.15,1.00E-10,1.362055933,0.002059041,N/A,N/A,4.41,13.23,0.02,0,0,256,512,100,0,0,3,Zhang & Duan (2005)
H2O,14,1.00E-10,3373.15,1.00E-10,1.393658159,0.002155697,N/A,N/A,4.31,12.93,0.02,0,0,256,512,100,0,0,3,Zhang & Duan (2005)
H2O,15,1.00E-10,3373.15,1.00E-10,1.424505929,0.002252183,N/A,N/A,4.216666667,12.65,0.02,0,0,256,512,100,0,0,3,Zhang & Duan (2005)
H2O,16,1.00E-10,3373.15,1.00E-10,1.452054795,0.002340137,N/A,N/A,4.136666667,12.41,0.02,0,0,256,512,100,0,0,3,Zhang & Duan (2005)
H2O,17,1.00E-10,3373.15,1.00E-10,1.479474548,0.002429351,N/A,N/A,4.06,12.18,0.02,0,0,256,512,100,0,0,3,Zhang & Duan (2005)
H2O,18,1.00E-10,3373.15,1.00E-10,1.506688963,0.002519547,N/A,N/A,3.986666667,11.96,0.02,0,0,256,512,100,0,0,3,Zhang & Duan (2005)
H2O,19,1.00E-10,3373.15,1.00E-10,1.52841391,0.002592729,N/A,N/A,3.93,11.79,0.02,0,0,256,512,100,0,0,3,Zhang & Duan (2005)
H2O,20,1.00E-10,3373.15,1.00E-10,1.553448276,0.00133918,N/A,N/A,3.866666667,11.6,0.01,0,0,256,512,100,0,0,3,Zhang & Duan (2005)
H2O,0.1,1.00E-10,4273.15,1.00E-10,0.048331724,0.00085427,N/A,N/A,124.28,372.84,6.59,0,0,256,512,100,0,0,3,Zhang & Duan (2005)
H2O,0.2,1.00E-10,4273.15,1.00E-10,0.092843526,0.001334605,N/A,N/A,64.69666667,194.09,2.79,0,0,256,512,100,0,0,3,Zhang & Duan (2005)
H2O,0.5,1.00E-10,4273.15,1.00E-10,0.208203351,0.003295651,N/A,N/A,28.85,86.55,1.37,0,0,256,512,100,0,0,3,Zhang & Duan (2005)
H2O,1,1.00E-10,4273.15,1.00E-10,0.352366054,0.003720721,N/A,N/A,17.04666667,51.14,0.54,0,0,256,512,100,0,0,3,Zhang & Duan (2005)
H2O,2,1.00E-10,4273.15,1.00E-10,0.553439803,0.003739458,N/A,N/A,10.85333333,32.56,0.22,0,0,256,512,100,0,0,3,Zhang & Duan (2005)
H2O,5,1.00E-10,4273.15,1.00E-10,0.882900539,0.002595494,N/A,N/A,6.803333333,20.41,0.06,0,0,256,512,100,0,0,3,Zhang & Duan (2005)
H2O,10,1.00E-10,4273.15,1.00E-10,1.170890188,0.001521625,N/A,N/A,5.13,15.39,0.02,0,0,256,512,100,0,0,3,Zhang & Duan (2005)
H2O,20,1.00E-10,4273.15,1.00E-10,1.483127572,0.001220681,N/A,N/A,4.05,12.15,0.01,0,0,256,512,100,0,0,3,Zhang & Duan (2005)
H2O,50,1.00E-10,4273.15,1.00E-10,1.941810345,0.002092468,N/A,N/A,3.093333333,9.28,0.01,0,0,256,512,100,0,0,3,Zhang & Duan (2005)